,date,Nicolas Dupont-Aignan,Hélène Thouy,Yannick Jadot,François Baroin,Jean-Frédéric Poisson,Jean Lassalle,Jean-Christophe Lagarde,Eric Piolle,Jean-Luc Mélenchon,François Hollande,Valérie Pécresse,Laurent Wauquiez,Christiane Taubira,Eric Ciotti,Philippe Juvin,Denis Payre,Philippe Poutou,Michel Barnier,Arnaud Montebourg,Florian Philippot,Emmanuel Macron,Eric Zemmour,Anne Hidalgo,Fabien Roussel,Bruno Retailleau,Marine Le Pen,Xavier Bertrand,Nathalie Arthaud,Sandrine Rousseau,François Asselineau
0,2021-01-28,null,null,null,null,null,null,null,null,null,null,null,null,null,null,null,null,null,null,null,null,null,null,null,null,null,null,null,null,null,null
1,2021-02-24,null,null,null,null,null,null,null,null,null,null,null,null,null,null,null,null,null,null,null,null,null,null,null,null,null,null,null,null,null,null
2,2021-03-04,null,null,null,null,null,null,null,null,null,null,null,null,null,null,null,null,null,null,null,null,null,null,null,null,null,null,null,null,null,null
3,2021-03-11,null,null,null,null,null,null,null,null,null,null,null,null,null,null,null,null,null,null,null,null,null,null,null,null,null,null,null,null,null,null
4,2021-04-08,5.99,null,7.27,null,null,null,null,null,10.29,null,null,null,null,null,null,null,null,null,null,null,25.49,null,8.96,null,null,25.94,16.28,null,null,null
5,2021-04-09,5.81,null,7.24,null,null,null,null,null,10.48,null,null,null,null,null,null,null,null,null,null,null,25.47,null,8.79,null,null,25.98,16.27,null,null,null
6,2021-04-10,5.63,null,7.22,null,null,null,null,null,10.68,null,null,null,null,null,null,null,null,null,null,null,25.45,null,8.63,null,null,26.02,16.26,null,null,null
7,2021-04-11,5.45,null,7.2,null,null,null,null,null,10.87,null,null,null,null,null,null,null,null,null,null,null,25.44,null,8.46,null,null,26.06,16.25,null,null,null
8,2021-04-12,5.27,null,7.17,null,null,null,null,null,11.06,null,null,null,null,null,null,null,null,null,null,null,25.42,null,8.29,null,null,26.1,16.24,null,null,null
9,2021-04-13,5.09,null,7.14,null,null,null,null,null,11.26,null,null,null,null,null,null,null,null,null,null,null,25.4,null,8.13,null,null,26.14,16.23,null,null,null
10,2021-04-14,4.91,null,7.12,null,null,null,0.68,null,11.45,null,null,null,null,null,null,null,1.34,null,null,null,25.38,null,7.96,null,null,26.18,16.22,0.8,null,null
11,2021-04-15,4.77,null,7.86,null,null,null,0.68,null,10.86,null,null,null,null,null,null,null,1.34,null,null,null,25.58,null,7.86,null,null,26.2,16.05,0.8,null,null
12,2021-04-16,4.76,null,7.85,null,null,null,0.68,null,10.86,null,null,null,null,null,null,null,1.34,null,null,null,25.58,null,7.86,null,null,26.18,16.06,0.8,null,null
13,2021-04-17,4.74,null,7.84,null,null,null,0.68,null,10.86,null,null,null,null,null,null,null,1.34,null,null,null,25.58,null,7.86,null,null,26.17,16.08,0.8,null,null
14,2021-04-18,4.72,null,7.82,null,null,null,0.68,null,10.86,null,null,null,null,null,null,null,1.34,null,null,null,25.57,null,7.86,null,null,26.16,16.09,0.8,null,null
15,2021-04-19,4.71,null,7.81,null,null,1.47,0.68,null,10.86,null,null,null,null,null,null,null,1.34,null,null,null,25.57,null,7.86,1.94,null,26.14,16.1,0.8,null,null
16,2021-04-20,4.71,null,7.81,null,null,1.47,0.68,null,10.86,null,null,null,null,null,null,null,1.34,null,null,null,25.58,null,7.85,1.94,null,26.15,16.1,0.8,null,null
17,2021-04-21,4.71,null,7.81,null,null,1.46,0.69,null,10.86,null,null,null,null,null,null,null,1.34,null,null,null,25.58,null,7.84,1.94,null,26.15,16.1,0.8,null,null
18,2021-04-22,4.71,null,7.81,null,null,1.46,0.69,null,10.85,null,null,null,null,null,null,null,1.34,null,null,null,25.59,null,7.84,1.94,null,26.16,16.1,0.8,null,null
19,2021-04-23,4.71,null,7.81,null,null,1.45,0.7,null,10.85,null,null,null,null,null,null,null,1.34,null,null,null,25.6,null,7.83,1.95,null,26.17,16.1,0.8,null,null
20,2021-04-24,4.71,null,7.8,null,null,1.45,0.7,null,10.85,null,null,null,null,null,null,null,1.33,null,null,null,25.61,null,7.82,1.95,null,26.18,16.09,0.8,null,null
21,2021-04-25,4.71,null,7.8,null,null,1.45,0.71,null,10.85,null,null,null,null,null,null,null,1.33,null,null,null,25.62,null,7.81,1.95,null,26.18,16.09,0.8,null,null
22,2021-04-26,4.71,null,7.8,null,null,1.44,0.71,null,10.84,null,null,null,null,null,null,null,1.33,null,null,null,25.62,null,7.8,1.95,null,26.19,16.09,0.8,null,null
23,2021-04-27,4.71,null,7.8,null,null,1.44,0.72,null,10.84,null,null,null,null,null,null,null,1.33,null,null,null,25.63,null,7.79,1.95,null,26.2,16.09,0.8,null,null
24,2021-04-28,4.71,null,7.8,null,null,1.43,0.72,null,10.84,null,null,null,null,null,null,null,1.33,null,null,null,25.64,null,7.79,1.95,null,26.2,16.09,0.8,null,null
25,2021-04-29,4.71,null,7.8,null,null,1.43,0.73,null,10.84,null,null,null,null,null,null,null,1.33,null,null,null,25.64,null,7.78,1.95,null,26.21,16.09,0.8,null,null
26,2021-04-30,4.71,null,7.8,null,null,1.43,0.73,null,10.84,null,null,null,null,null,null,null,1.33,null,null,null,25.65,null,7.77,1.96,null,26.22,16.09,0.8,null,null
27,2021-05-01,4.71,null,7.8,null,null,1.42,0.74,null,10.83,null,null,null,null,null,null,null,1.33,null,null,null,25.66,null,7.76,1.96,null,26.23,16.09,0.8,null,null
28,2021-05-02,4.71,null,7.8,null,null,1.42,0.74,null,10.83,null,null,null,null,null,null,null,1.33,null,null,null,25.67,null,7.75,1.96,null,26.23,16.09,0.8,null,null
29,2021-05-03,4.71,null,7.8,null,null,1.42,0.75,null,10.83,null,null,null,null,null,null,null,1.33,null,null,null,25.68,null,7.74,1.96,null,26.24,16.08,0.8,null,null
30,2021-05-04,4.71,null,7.79,null,null,1.41,0.75,null,10.83,null,null,null,null,null,null,null,1.32,null,null,null,25.68,null,7.74,1.96,null,26.25,16.08,0.8,null,null
31,2021-05-05,4.71,null,7.79,null,null,1.41,0.75,null,10.83,null,null,null,null,null,null,null,1.32,null,null,null,25.69,null,7.73,1.96,null,26.25,16.08,0.8,null,null
32,2021-05-06,4.71,null,7.79,null,null,1.4,0.76,null,10.82,null,null,null,null,null,null,null,1.32,null,null,null,25.7,null,7.72,1.96,null,26.26,16.08,0.8,null,null
33,2021-05-07,4.71,null,7.79,null,null,1.4,0.76,null,10.82,null,null,null,null,null,null,null,1.32,null,null,null,25.7,null,7.71,1.97,null,26.27,16.08,0.8,null,null
34,2021-05-08,4.71,null,7.79,null,null,1.4,0.77,null,10.82,null,null,null,null,null,null,null,1.32,null,null,null,25.71,null,7.7,1.97,null,26.28,16.08,0.8,null,null
35,2021-05-09,4.71,null,7.79,null,null,1.39,0.77,null,10.82,null,null,null,null,null,null,null,1.32,null,null,null,25.72,null,7.7,1.97,null,26.28,16.08,0.8,null,null
36,2021-05-10,4.71,null,7.79,null,null,1.39,0.78,null,10.82,null,null,null,null,null,null,null,1.32,null,null,null,25.73,null,7.69,1.97,null,26.29,16.08,0.8,null,null
37,2021-05-11,4.71,null,7.79,null,null,1.38,0.78,null,10.81,null,null,null,null,null,null,null,1.32,null,null,null,25.74,null,7.68,1.97,null,26.3,16.08,0.8,null,null
38,2021-05-12,4.71,null,7.79,null,null,1.38,0.79,null,10.81,null,null,null,null,null,null,null,1.32,null,null,null,25.74,null,7.67,1.97,null,26.3,16.08,0.8,null,null
39,2021-05-13,4.71,null,7.78,null,null,1.38,0.79,null,10.81,null,null,null,null,null,null,null,1.31,null,null,null,25.75,null,7.66,1.97,null,26.31,16.07,0.8,null,null
40,2021-05-14,4.71,null,7.78,null,null,1.37,0.8,null,10.81,null,null,null,null,null,null,null,1.31,null,null,null,25.76,null,7.65,1.98,null,26.32,16.07,0.8,null,null
41,2021-05-15,4.71,null,7.78,null,null,1.37,0.8,null,10.8,null,null,null,null,null,null,null,1.31,null,null,null,25.76,null,7.65,1.98,null,26.33,16.07,0.8,null,null
42,2021-05-16,4.71,null,7.78,null,null,1.36,0.81,null,10.8,null,null,null,null,null,null,null,1.31,null,null,null,25.77,null,7.64,1.98,null,26.33,16.07,0.8,null,null
43,2021-05-17,4.71,null,7.78,null,0.36,1.36,0.81,null,10.8,null,null,null,null,null,null,null,1.31,null,null,null,25.78,null,7.63,1.98,null,26.34,16.07,0.8,null,null
44,2021-05-18,4.82,null,7.6,null,0.37,1.37,0.82,null,10.74,null,null,null,null,null,null,null,1.26,null,null,null,25.95,null,7.36,1.92,null,26.68,16.09,0.74,null,null
45,2021-05-19,4.92,null,7.41,null,0.39,1.39,0.84,null,10.69,null,null,null,null,null,null,null,1.22,null,null,null,26.12,null,7.08,1.85,null,27.01,16.12,0.68,null,null
46,2021-05-20,5.03,null,7.23,null,0.4,1.4,0.85,null,10.63,null,null,null,null,null,null,null,1.17,null,null,null,26.29,null,6.81,1.79,null,27.35,16.14,0.62,null,null
47,2021-05-21,4.99,null,7.25,null,0.39,1.38,0.87,null,10.68,null,null,null,null,null,null,null,1.16,null,null,null,26.29,null,6.86,1.77,null,27.35,16.14,0.62,null,null
48,2021-05-22,4.95,null,7.27,null,0.38,1.35,0.88,null,10.73,null,null,null,null,null,null,null,1.15,null,null,null,26.29,null,6.9,1.75,null,27.36,16.14,0.63,null,null
49,2021-05-23,4.91,null,7.29,null,0.36,1.32,0.9,null,10.77,null,null,null,null,null,null,null,1.15,null,null,null,26.29,null,6.94,1.73,null,27.36,16.15,0.64,null,null
50,2021-05-24,4.87,null,7.31,null,0.35,1.3,0.92,null,10.82,null,null,null,null,null,null,null,1.14,null,null,null,26.29,null,6.99,1.71,null,27.36,16.15,0.64,null,null
51,2021-05-25,4.87,null,7.19,null,0.35,1.3,0.93,null,10.95,null,null,null,null,null,null,null,1.14,null,null,null,26.26,null,6.92,1.7,null,27.38,16.09,0.64,null,null
52,2021-05-26,4.87,null,7.08,null,0.35,1.29,0.95,null,11.08,null,null,null,null,null,null,null,1.13,null,null,null,26.23,null,6.85,1.69,null,27.41,16.03,0.65,null,null
53,2021-05-27,4.87,null,6.96,null,0.35,1.29,0.96,null,11.21,null,null,null,null,null,null,null,1.13,null,null,null,26.2,null,6.78,1.68,null,27.43,15.97,0.65,null,null
54,2021-05-28,4.86,null,6.84,null,0.35,1.28,0.98,null,11.33,null,null,null,null,null,null,null,1.12,null,null,null,26.17,null,6.71,1.68,null,27.45,15.9,0.65,null,null
55,2021-05-29,4.86,null,6.72,null,0.35,1.28,0.99,null,11.46,null,null,null,null,null,null,null,1.12,null,null,null,26.14,null,6.64,1.67,null,27.47,15.84,0.65,null,null
56,2021-05-30,4.86,null,6.61,null,0.35,1.27,1.01,null,11.59,null,null,null,null,null,null,null,1.11,null,null,null,26.11,null,6.57,1.66,null,27.5,15.78,0.66,null,null
57,2021-05-31,4.86,null,6.49,null,0.35,1.27,1.02,null,11.72,null,null,null,null,null,null,null,1.11,null,null,null,26.08,null,6.5,1.65,null,27.52,15.72,0.66,null,null
58,2021-06-01,4.84,null,6.42,null,0.35,1.26,1.02,null,11.78,null,null,null,null,null,null,null,1.1,null,null,null,26.05,null,6.46,1.64,null,27.53,15.71,0.67,null,null
59,2021-06-02,4.82,null,6.35,null,0.35,1.25,1.02,null,11.85,null,null,null,null,null,null,null,1.09,null,null,null,26.03,null,6.41,1.63,null,27.55,15.71,0.68,null,null
60,2021-06-03,4.8,null,6.28,null,0.35,1.24,1.02,null,11.91,null,null,null,null,null,null,null,1.08,null,null,null,26.0,null,6.37,1.62,null,27.56,15.7,0.69,null,null
61,2021-06-04,4.79,null,6.2,null,0.35,1.23,1.02,null,11.98,null,null,null,null,null,null,null,1.06,null,null,null,25.97,null,6.33,1.6,null,27.58,15.69,0.7,null,null
62,2021-06-05,4.77,null,6.13,null,0.35,1.22,1.02,null,12.04,null,null,null,null,null,null,null,1.05,null,null,null,25.94,null,6.29,1.59,null,27.59,15.68,0.71,null,null
63,2021-06-06,4.75,null,6.06,null,0.35,1.21,1.02,null,12.11,null,null,null,null,null,null,null,1.04,null,null,null,25.92,null,6.24,1.58,null,27.61,15.68,0.72,null,null
64,2021-06-07,4.73,null,5.99,null,0.35,1.2,1.02,null,12.17,null,null,null,null,null,null,null,1.03,null,null,null,25.89,null,6.2,1.57,null,27.62,15.67,0.73,null,null
65,2021-06-08,4.62,null,5.94,null,0.38,1.14,0.94,null,11.93,null,null,null,null,null,null,null,1.0,null,null,null,26.15,null,6.19,1.56,null,27.84,15.66,0.75,null,null
66,2021-06-09,4.51,null,5.89,null,0.41,1.08,0.87,null,11.69,null,null,null,null,null,null,null,0.96,null,null,null,26.41,null,6.18,1.54,null,28.07,15.66,0.77,null,null
67,2021-06-10,4.47,null,5.96,null,0.43,1.09,0.84,null,11.69,null,null,null,null,null,null,null,1.02,null,null,null,26.44,null,6.23,1.61,null,28.1,15.44,0.82,null,null
68,2021-06-11,4.43,null,6.04,null,0.46,1.1,0.81,null,11.69,null,null,null,null,null,null,null,1.09,null,null,null,26.48,null,6.28,1.69,null,28.14,15.22,0.86,null,null
69,2021-06-12,4.38,null,6.11,null,0.48,1.1,0.77,null,11.69,null,null,null,null,null,null,null,1.15,null,null,null,26.51,null,6.33,1.76,null,28.17,14.99,0.91,null,null
70,2021-06-13,4.34,null,6.19,null,0.51,1.11,0.74,null,11.69,null,null,null,null,null,null,null,1.22,null,null,null,26.55,null,6.38,1.84,null,28.21,14.77,0.95,null,null
71,2021-06-14,4.3,null,6.26,null,0.53,1.12,0.71,null,11.69,null,null,null,null,null,null,null,1.28,null,null,null,26.58,null,6.43,1.91,null,28.24,14.55,1.0,null,0.87
72,2021-06-15,4.25,null,6.3,null,0.52,1.1,0.72,null,11.65,null,null,null,null,null,null,null,1.29,null,null,null,26.59,null,6.44,1.88,null,28.17,14.51,1.02,null,0.87
73,2021-06-16,4.21,null,6.33,null,0.5,1.09,0.73,null,11.6,null,null,null,null,null,null,null,1.29,null,null,null,26.6,null,6.45,1.86,null,28.09,14.48,1.03,null,0.87
74,2021-06-17,4.16,null,6.37,null,0.49,1.07,0.74,null,11.56,null,null,null,null,null,null,null,1.3,null,null,null,26.61,null,6.46,1.83,null,28.02,14.44,1.05,null,0.87
75,2021-06-18,4.12,null,6.41,null,0.47,1.05,0.75,null,11.51,null,null,null,null,null,null,null,1.31,null,null,null,26.61,null,6.46,1.8,null,27.95,14.4,1.07,null,0.87
76,2021-06-19,4.07,null,6.45,null,0.46,1.03,0.76,null,11.47,null,null,null,null,null,null,null,1.32,null,null,null,26.62,null,6.47,1.77,null,27.88,14.36,1.09,null,0.87
77,2021-06-20,4.03,null,6.48,null,0.44,1.02,0.77,null,11.42,null,null,null,null,null,null,null,1.32,null,null,null,26.63,null,6.48,1.75,null,27.8,14.33,1.1,null,0.87
78,2021-06-21,3.98,null,6.52,null,0.43,1.0,0.78,null,11.38,null,null,null,null,null,null,null,1.33,null,null,null,26.64,null,6.49,1.72,null,27.73,14.29,1.12,null,0.87
79,2021-06-22,4.01,null,6.73,null,0.44,1.01,0.77,null,11.15,null,null,null,null,null,null,null,1.34,null,null,null,26.63,null,6.62,1.78,null,27.62,14.34,1.12,null,0.88
80,2021-06-23,4.05,null,6.95,null,0.46,1.02,0.76,null,10.92,null,null,null,null,null,null,null,1.35,null,null,null,26.62,null,6.75,1.84,null,27.52,14.39,1.13,null,0.9
81,2021-06-24,4.08,null,7.16,null,0.47,1.04,0.76,null,10.68,null,null,null,null,null,null,null,1.36,null,null,null,26.62,null,6.89,1.9,null,27.41,14.43,1.14,null,0.91
82,2021-06-25,4.12,null,7.38,null,0.48,1.05,0.75,null,10.45,null,null,null,null,null,null,null,1.36,null,null,null,26.61,null,7.02,1.96,null,27.31,14.48,1.14,null,0.92
83,2021-06-26,4.15,null,7.59,null,0.5,1.06,0.74,null,10.22,null,null,null,null,null,null,null,1.37,null,null,null,26.6,null,7.15,2.02,null,27.2,14.53,1.14,null,0.93
84,2021-06-27,4.21,null,7.6,null,0.51,1.08,0.74,null,10.02,null,null,null,null,null,null,null,1.38,null,null,null,26.88,null,7.04,2.06,null,26.94,14.45,1.15,null,0.94
85,2021-06-28,4.28,null,7.62,null,0.53,1.09,0.73,null,9.81,null,null,null,null,null,null,null,1.39,null,null,null,27.15,null,6.93,2.09,null,26.69,14.37,1.16,null,0.96
86,2021-06-29,4.34,null,7.63,null,0.54,1.1,0.72,null,9.61,null,null,null,null,null,null,null,1.4,null,null,null,27.43,null,6.82,2.13,null,26.43,14.29,1.16,null,0.97
87,2021-06-30,4.35,null,7.65,null,0.55,1.15,0.71,null,9.51,null,null,null,null,null,null,null,1.4,null,null,null,27.43,null,6.81,2.19,null,26.39,14.67,1.15,null,0.99
88,2021-07-01,4.35,null,7.66,null,0.56,1.21,0.69,null,9.41,null,null,null,null,null,null,null,1.39,null,null,null,27.43,null,6.81,2.24,null,26.35,15.05,1.13,null,1.0
89,2021-07-02,4.36,null,7.68,null,0.57,1.26,0.68,null,9.31,null,10.89,null,null,null,null,null,1.39,null,null,null,27.43,null,6.8,2.3,null,26.31,15.43,1.12,null,1.02
90,2021-07-03,4.33,null,7.73,null,0.51,1.38,0.68,null,8.95,null,10.89,null,null,null,null,null,1.28,null,null,null,27.18,null,6.82,2.4,null,25.94,15.51,1.02,null,1.04
91,2021-07-04,4.3,null,7.79,null,0.44,1.51,0.68,null,8.6,null,10.9,null,null,null,null,null,1.17,null,null,null,26.92,null,6.83,2.51,null,25.56,15.6,0.91,null,1.05
92,2021-07-05,4.27,null,7.84,null,0.38,1.63,0.68,null,8.24,null,10.9,null,null,null,null,null,1.06,null,null,null,26.67,null,6.85,2.61,null,25.19,15.68,0.81,null,1.07
93,2021-07-06,4.27,null,7.84,null,0.38,1.63,0.68,null,8.26,null,10.89,null,null,null,null,null,1.07,null,null,null,26.65,null,6.84,2.61,null,25.18,15.69,0.81,null,1.07
94,2021-07-07,4.27,null,7.83,null,0.38,1.63,0.68,null,8.28,null,10.89,null,null,null,null,null,1.07,null,null,null,26.63,null,6.84,2.61,null,25.16,15.69,0.81,null,1.07
95,2021-07-08,4.27,null,7.83,null,0.38,1.62,0.68,null,8.3,null,10.88,null,null,null,null,null,1.08,null,null,null,26.61,null,6.83,2.61,null,25.15,15.7,0.81,null,1.07
96,2021-07-09,4.27,null,7.83,null,0.38,1.62,0.68,null,8.31,null,10.88,null,null,null,null,null,1.09,null,null,null,26.59,null,6.83,2.61,null,25.14,15.71,0.81,null,1.07
97,2021-07-10,4.26,null,7.83,null,0.38,1.62,0.68,null,8.33,null,10.87,null,null,null,null,null,1.09,null,null,null,26.57,null,6.82,2.62,null,25.13,15.72,0.81,null,1.07
98,2021-07-11,4.26,null,7.82,null,0.39,1.62,0.68,null,8.35,null,10.87,null,null,null,null,null,1.1,null,null,null,26.55,null,6.82,2.62,null,25.11,15.72,0.81,null,1.07
99,2021-07-12,4.26,null,7.82,null,0.39,1.61,0.68,null,8.37,null,10.86,null,null,null,null,null,1.11,null,null,null,26.53,null,6.81,2.62,null,25.1,15.73,0.81,null,1.07
100,2021-07-13,4.26,null,7.82,null,0.39,1.61,0.68,null,8.39,null,10.86,null,null,null,null,null,1.11,null,null,null,26.51,null,6.81,2.62,null,25.09,15.74,0.81,null,1.07
101,2021-07-14,4.26,null,7.82,null,0.39,1.61,0.68,null,8.41,null,10.85,null,null,null,null,null,1.12,null,null,null,26.48,null,6.8,2.62,null,25.08,15.74,0.82,null,1.07
102,2021-07-15,4.26,null,7.81,null,0.39,1.61,0.68,null,8.42,null,10.85,null,null,null,null,null,1.13,null,null,null,26.46,null,6.79,2.62,null,25.06,15.75,0.82,null,1.07
103,2021-07-16,4.26,null,7.81,null,0.39,1.61,0.68,null,8.44,null,10.84,null,null,null,null,null,1.13,null,null,null,26.44,null,6.79,2.62,null,25.05,15.76,0.82,null,1.07
104,2021-07-17,4.26,null,7.81,null,0.39,1.6,0.68,null,8.46,null,10.84,null,null,null,null,null,1.14,null,null,null,26.42,null,6.78,2.62,null,25.04,15.77,0.82,null,1.07
105,2021-07-18,4.26,null,7.8,null,0.39,1.6,0.68,null,8.48,null,10.83,null,null,null,null,null,1.15,null,null,null,26.4,null,6.78,2.62,null,25.02,15.77,0.82,null,1.07
106,2021-07-19,4.25,null,7.8,null,0.39,1.6,0.68,null,8.5,null,10.82,null,null,null,null,null,1.15,null,null,null,26.38,null,6.77,2.63,null,25.01,15.78,0.82,null,1.07
107,2021-07-20,4.25,null,7.8,null,0.39,1.6,0.68,null,8.52,null,10.82,null,null,null,null,null,1.16,null,null,null,26.36,null,6.77,2.63,null,25.0,15.79,0.82,null,1.07
108,2021-07-21,4.25,null,7.8,null,0.39,1.59,0.68,null,8.53,null,10.81,null,null,null,null,null,1.17,null,null,null,26.34,null,6.76,2.63,null,24.99,15.8,0.82,null,1.07
109,2021-07-22,4.25,null,7.79,null,0.39,1.59,0.68,null,8.55,null,10.81,null,null,null,null,null,1.17,null,null,null,26.32,null,6.76,2.63,null,24.97,15.8,0.82,null,1.07
110,2021-07-23,4.25,null,7.79,null,0.4,1.59,0.68,null,8.57,null,10.8,null,null,null,null,null,1.18,null,null,null,26.3,null,6.75,2.63,null,24.96,15.81,0.82,null,1.07
111,2021-07-24,4.25,null,7.8,null,0.4,1.59,0.68,null,8.57,null,10.8,null,null,null,null,null,1.18,null,null,null,26.3,null,6.76,2.63,null,24.96,15.79,0.82,null,1.07
112,2021-07-25,4.25,null,7.8,null,0.4,1.59,0.68,null,8.57,null,10.79,null,null,null,null,null,1.19,null,null,null,26.31,null,6.76,2.63,null,24.95,15.78,0.82,null,1.07
113,2021-07-26,4.24,null,7.81,null,0.4,1.59,0.68,null,8.58,null,10.79,null,null,null,null,null,1.19,null,null,null,26.31,null,6.76,2.63,null,24.94,15.76,0.82,null,1.07
114,2021-07-27,4.24,null,7.82,null,0.4,1.58,0.68,null,8.58,null,10.78,null,null,null,null,null,1.19,null,null,null,26.31,null,6.77,2.62,null,24.94,15.75,0.81,null,1.07
115,2021-07-28,4.24,null,7.83,null,0.4,1.58,0.68,null,8.58,null,10.78,null,null,null,null,null,1.2,null,null,null,26.32,null,6.78,2.62,null,24.94,15.73,0.81,null,1.07
116,2021-07-29,4.24,null,7.83,null,0.4,1.58,0.68,null,8.58,null,10.77,null,null,null,null,null,1.2,null,null,null,26.32,null,6.78,2.62,null,24.93,15.71,0.81,null,1.07
117,2021-07-30,4.23,null,7.84,null,0.4,1.58,0.68,null,8.59,null,10.76,null,null,null,null,null,1.2,null,null,null,26.33,null,6.78,2.62,null,24.92,15.7,0.81,null,1.07
118,2021-07-31,4.23,null,7.85,null,0.4,1.58,0.68,null,8.59,null,10.76,null,null,null,null,null,1.21,null,null,null,26.33,null,6.79,2.62,null,24.92,15.68,0.81,null,1.07
119,2021-08-01,4.23,null,7.86,null,0.4,1.58,0.68,null,8.59,null,10.75,null,null,null,null,null,1.21,null,null,null,26.33,null,6.8,2.62,null,24.92,15.67,0.81,null,1.07
120,2021-08-02,4.23,null,7.86,null,0.4,1.58,0.68,null,8.59,null,10.75,null,null,null,null,null,1.21,null,null,null,26.34,null,6.8,2.62,null,24.91,15.65,0.8,null,1.07
121,2021-08-03,4.22,null,7.87,null,0.4,1.58,0.68,null,8.6,null,10.74,null,null,null,null,null,1.22,null,null,null,26.34,null,6.8,2.62,null,24.9,15.63,0.8,null,1.07
122,2021-08-04,4.22,null,7.88,null,0.41,1.57,0.68,null,8.6,null,10.74,null,null,null,null,null,1.22,null,null,null,26.34,null,6.81,2.61,null,24.9,15.62,0.8,null,1.07
123,2021-08-05,4.22,null,7.89,null,0.41,1.57,0.68,null,8.6,null,10.73,null,null,null,null,null,1.22,null,null,null,26.35,null,6.82,2.61,null,24.9,15.6,0.8,null,1.07
124,2021-08-06,4.22,null,7.89,null,0.41,1.57,0.68,null,8.6,null,10.73,null,null,null,null,null,1.23,null,null,null,26.35,null,6.82,2.61,null,24.89,15.59,0.8,null,1.07
125,2021-08-07,4.22,null,7.9,null,0.41,1.57,0.68,null,8.6,null,10.72,null,null,null,null,null,1.23,null,null,null,26.36,null,6.82,2.61,null,24.88,15.57,0.8,null,1.07
126,2021-08-08,4.21,null,7.91,null,0.41,1.57,0.68,null,8.61,null,10.72,null,null,null,null,null,1.23,null,null,null,26.36,null,6.83,2.61,null,24.88,15.55,0.79,null,1.07
127,2021-08-09,4.21,null,7.91,null,0.41,1.57,0.68,null,8.61,null,10.71,null,null,null,null,null,1.23,null,null,null,26.36,null,6.84,2.61,null,24.88,15.54,0.79,null,1.07
128,2021-08-10,4.21,null,7.92,null,0.41,1.57,0.68,null,8.61,null,10.7,null,null,null,null,null,1.24,null,null,null,26.37,null,6.84,2.61,null,24.87,15.52,0.79,null,1.07
129,2021-08-11,4.21,null,7.93,null,0.41,1.57,0.68,null,8.61,null,10.7,null,null,null,null,null,1.24,null,null,null,26.37,null,6.85,2.6,null,24.86,15.51,0.79,null,1.07
130,2021-08-12,4.2,null,7.94,null,0.41,1.56,0.68,null,8.62,null,10.69,null,null,null,null,null,1.24,null,null,null,26.37,null,6.85,2.6,null,24.86,15.49,0.79,null,1.07
131,2021-08-13,4.2,null,7.94,null,0.41,1.56,0.68,null,8.62,null,10.69,null,null,null,null,null,1.25,null,null,null,26.38,null,6.86,2.6,null,24.86,15.47,0.79,null,1.07
132,2021-08-14,4.2,null,7.95,null,0.41,1.56,0.68,null,8.62,null,10.68,null,null,null,null,null,1.25,null,null,null,26.38,null,6.86,2.6,null,24.85,15.46,0.78,null,1.07
133,2021-08-15,4.2,null,7.96,null,0.41,1.56,0.68,null,8.62,null,10.68,null,null,null,null,null,1.25,null,null,null,26.38,null,6.86,2.6,null,24.84,15.44,0.78,null,1.07
134,2021-08-16,4.19,null,7.97,null,0.42,1.56,0.68,null,8.63,null,10.67,null,null,null,null,null,1.26,null,null,null,26.39,null,6.87,2.6,null,24.84,15.43,0.78,null,1.07
135,2021-08-17,4.19,null,7.97,null,0.42,1.56,0.68,null,8.63,null,10.67,null,null,null,null,null,1.26,null,null,null,26.39,null,6.88,2.6,null,24.84,15.41,0.78,null,1.07
136,2021-08-18,4.19,null,7.98,null,0.42,1.56,0.68,null,8.63,null,10.66,null,null,null,null,null,1.26,null,null,null,26.4,null,6.88,2.6,null,24.83,15.39,0.78,null,1.07
137,2021-08-19,4.19,null,7.99,null,0.42,1.56,0.68,null,8.63,null,10.66,null,null,null,null,null,1.27,null,null,null,26.4,null,6.89,2.59,null,24.82,15.38,0.78,null,1.07
138,2021-08-20,4.18,null,8.0,null,0.42,1.55,0.68,null,8.64,null,10.65,null,null,null,null,null,1.27,null,null,null,26.4,null,6.89,2.59,null,24.82,15.36,0.77,null,1.07
139,2021-08-21,4.18,null,8.0,null,0.42,1.55,0.68,null,8.64,null,10.65,null,null,null,null,null,1.27,null,null,null,26.41,null,6.9,2.59,null,24.82,15.35,0.77,null,1.07
140,2021-08-22,4.18,null,8.01,null,0.42,1.55,0.68,null,8.64,null,10.64,null,null,null,null,null,1.28,null,null,null,26.41,null,6.9,2.59,null,24.81,15.33,0.77,null,1.07
141,2021-08-23,4.07,null,8.18,null,0.42,1.55,0.68,null,9.07,null,10.67,null,null,null,null,null,1.28,null,null,null,24.23,null,7.03,2.45,null,23.15,15.38,0.77,null,1.07
142,2021-08-24,4.08,null,8.13,null,0.42,1.49,0.67,null,9.26,null,10.69,null,null,null,null,null,1.27,null,null,null,24.2,null,7.06,2.4,null,23.07,15.4,0.78,null,1.07
143,2021-08-25,4.08,null,8.07,null,0.42,1.43,0.66,null,9.44,null,10.7,null,null,null,null,null,1.27,null,null,null,24.17,null,7.09,2.35,null,22.99,15.41,0.8,null,1.07
144,2021-08-26,4.09,null,8.02,null,0.42,1.37,0.65,null,9.63,null,10.72,null,null,null,null,null,1.26,null,null,null,24.14,null,7.12,2.3,null,22.91,15.43,0.81,null,1.07
145,2021-08-27,4.1,null,7.96,null,0.42,1.32,0.63,null,9.81,null,10.73,null,null,null,null,null,1.26,null,null,null,24.11,null,7.15,2.26,null,22.83,15.45,0.83,null,1.07
146,2021-08-28,4.11,null,7.91,null,0.43,1.26,0.62,null,10.0,null,10.75,null,null,null,null,null,1.25,null,null,null,24.08,null,7.18,2.21,null,22.75,15.47,0.84,null,1.07
147,2021-08-29,4.11,null,7.85,null,0.43,1.2,0.61,null,10.18,null,10.76,null,null,null,null,null,1.25,null,null,null,24.05,null,7.21,2.16,null,22.67,15.48,0.86,null,1.07
148,2021-08-30,4.12,null,7.8,null,0.43,1.14,0.6,null,10.37,null,10.78,null,null,null,null,null,1.24,null,null,null,24.02,null,7.24,2.11,null,22.59,15.5,0.87,null,1.07
149,2021-08-31,4.1,null,7.84,null,0.43,1.17,0.62,null,10.24,null,11.02,null,null,null,null,null,1.28,null,null,null,24.45,null,7.43,2.16,null,22.97,15.45,0.85,null,1.06
150,2021-09-01,4.09,null,7.87,null,0.43,1.21,0.64,null,10.1,null,11.26,null,null,null,null,null,1.33,null,null,null,24.89,null,7.61,2.21,null,23.35,15.39,0.82,null,1.05
151,2021-09-02,4.07,null,7.9,null,0.43,1.24,0.66,null,9.97,null,11.5,null,null,null,null,null,1.37,null,null,null,25.32,null,7.8,2.26,null,23.73,15.34,0.8,null,1.04
152,2021-09-03,3.74,null,7.94,null,0.41,1.31,0.67,null,9.97,null,11.78,null,null,null,null,null,1.35,null,null,null,25.58,null,7.8,2.26,null,23.77,15.14,0.78,null,1.03
153,2021-09-04,3.76,null,8.04,null,0.39,1.38,0.69,null,9.7,null,11.97,null,null,null,null,null,1.34,null,null,null,25.23,null,7.99,2.13,null,23.19,15.05,0.77,null,1.02
154,2021-09-05,3.79,null,8.14,null,0.38,1.45,0.71,null,9.43,null,12.15,null,null,null,null,null,1.32,null,null,null,24.89,null,8.17,2.0,null,22.62,14.95,0.76,null,1.01
155,2021-09-06,3.81,null,8.24,null,0.36,1.52,0.73,null,9.16,null,12.34,null,null,null,null,null,1.3,null,null,1.42,24.54,null,8.36,1.87,null,22.04,14.86,0.74,null,1.0
156,2021-09-07,3.83,null,8.25,null,0.34,1.52,0.73,null,9.19,null,12.36,null,null,null,null,null,1.3,null,null,1.39,24.56,null,8.35,1.88,null,22.04,14.94,0.74,null,1.0
157,2021-09-08,3.84,null,8.26,null,0.32,1.52,0.73,null,9.21,null,12.39,null,null,null,null,null,1.3,null,null,1.37,24.58,null,8.34,1.89,null,22.04,15.03,0.74,null,1.0
158,2021-09-09,3.86,null,8.27,null,0.31,1.52,0.73,null,9.24,null,12.41,null,null,null,null,null,1.3,null,null,1.34,24.6,null,8.33,1.9,null,22.04,15.11,0.74,null,1.0
159,2021-09-10,3.88,null,8.27,null,0.29,1.52,0.73,null,9.26,null,12.43,null,null,null,null,null,1.3,null,null,1.32,24.62,null,8.31,1.9,null,22.03,15.19,0.74,null,1.0
160,2021-09-11,3.9,null,8.28,null,0.27,1.52,0.73,null,9.29,null,12.45,null,null,null,null,null,1.3,null,null,1.29,24.64,null,8.3,1.91,null,22.03,15.27,0.74,null,1.0
161,2021-09-12,3.91,null,8.29,null,0.25,1.52,0.73,null,9.31,null,12.48,null,null,null,null,null,1.3,null,null,1.27,24.66,null,8.29,1.92,null,22.03,15.36,0.74,null,1.0
162,2021-09-13,3.93,null,8.3,null,0.23,1.52,0.73,null,9.34,null,12.5,null,null,null,null,null,1.3,null,null,1.24,24.68,8.18,8.28,1.93,null,22.03,15.44,0.74,null,1.0
163,2021-09-14,4.22,null,7.64,null,0.22,1.47,0.79,null,9.63,null,12.52,null,null,null,null,null,1.15,null,null,1.2,25.24,8.09,7.63,2.23,null,22.3,15.47,0.72,null,0.94
164,2021-09-15,4.52,null,6.99,null,0.2,1.41,0.85,null,9.92,null,12.55,null,null,null,null,null,1.0,null,2.52,1.15,25.8,8.0,6.98,2.53,null,22.58,15.5,0.71,null,0.88
165,2021-09-16,4.48,null,6.96,null,0.18,1.36,0.84,null,9.92,null,12.57,null,null,null,null,null,1.0,null,2.51,1.11,25.77,8.05,6.98,2.54,null,22.52,15.49,0.71,null,0.82
166,2021-09-17,4.44,null,6.94,null,0.16,1.31,0.83,null,9.92,null,12.59,null,null,null,null,null,1.0,null,2.5,1.06,25.75,8.09,6.98,2.55,null,22.45,15.48,0.71,null,0.77
167,2021-09-18,4.41,null,6.91,null,0.15,1.26,0.81,null,9.92,null,12.61,null,null,null,null,null,1.0,null,2.48,1.02,25.72,8.14,6.98,2.57,null,22.39,15.46,0.71,null,0.71
168,2021-09-19,4.37,null,6.89,null,0.13,1.2,0.8,null,9.92,null,12.64,null,null,null,null,null,1.0,null,2.47,0.97,25.7,8.18,6.98,2.58,null,22.32,15.45,0.71,null,0.65
169,2021-09-20,4.33,null,6.86,null,0.11,1.15,0.79,null,9.92,null,12.66,null,null,null,null,null,1.0,null,2.46,0.93,25.67,8.23,6.98,2.59,null,22.26,15.44,0.71,null,0.59
170,2021-09-21,4.18,null,6.89,null,0.11,1.1,0.74,null,9.72,null,12.71,null,null,null,null,null,1.0,null,2.43,0.93,25.46,8.31,6.92,2.63,null,21.93,15.38,0.71,null,0.54
171,2021-09-22,4.03,null,6.93,null,0.1,1.06,0.7,null,9.52,null,12.75,null,null,null,null,null,1.0,null,2.39,0.93,25.25,8.39,6.86,2.66,null,21.59,15.31,0.7,null,0.5
172,2021-09-23,3.88,null,6.96,null,0.1,1.01,0.65,null,9.32,null,12.8,null,null,null,null,null,1.0,null,2.36,0.93,25.04,8.47,6.8,2.7,null,21.26,15.25,0.7,null,0.45
173,2021-09-24,3.63,null,6.86,null,0.09,0.96,0.61,null,9.44,null,12.93,null,null,null,null,null,1.02,null,2.46,0.93,24.97,9.0,6.74,2.67,null,20.88,15.15,0.79,null,0.4
174,2021-09-25,3.38,null,6.77,null,0.09,0.91,0.56,null,9.57,null,13.06,null,null,null,null,null,1.04,null,2.55,0.93,24.9,9.54,6.69,2.64,null,20.5,15.06,0.88,null,0.35
175,2021-09-26,3.13,null,6.68,null,0.08,0.87,0.52,null,9.69,null,13.18,null,null,null,null,null,1.05,null,2.64,0.93,24.83,10.07,6.64,2.62,null,20.12,14.96,0.97,null,0.31
176,2021-09-27,2.88,null,6.58,null,0.08,0.82,0.47,null,9.81,null,13.31,null,null,null,null,null,1.07,null,2.74,0.93,24.76,10.6,6.58,2.59,null,19.74,14.86,1.06,null,0.26
177,2021-09-28,2.95,null,7.04,null,0.07,0.81,0.44,null,9.66,null,13.39,null,null,null,null,null,1.07,null,2.52,0.91,24.97,11.17,6.32,2.34,null,20.0,14.85,1.08,null,0.24
178,2021-09-29,3.03,null,7.49,null,0.06,0.79,0.41,null,9.51,null,13.47,null,null,null,null,null,1.06,null,2.31,0.89,25.19,11.73,6.06,2.08,null,20.26,14.84,1.11,null,0.22
179,2021-09-30,3.1,null,7.95,null,0.05,0.78,0.38,null,9.36,null,13.55,null,null,null,null,null,1.06,null,2.09,0.87,25.4,12.3,5.8,1.83,null,20.52,14.83,1.13,null,0.2
180,2021-10-01,2.96,null,8.0,null,0.03,0.72,0.36,null,9.27,null,13.31,null,null,null,null,null,1.05,null,2.17,0.86,25.42,12.64,5.76,1.79,null,20.18,14.83,1.08,null,0.19
181,2021-10-02,2.86,null,8.03,null,0.02,0.72,0.33,null,9.22,null,13.3,null,null,null,null,null,1.03,null,2.16,0.84,25.38,13.2,5.78,1.76,null,19.83,14.81,1.01,null,0.17
182,2021-10-03,2.76,null,8.05,null,0.01,0.73,0.3,null,9.18,null,13.28,null,null,null,null,null,1.02,null,2.14,0.82,25.33,13.77,5.8,1.72,null,19.49,14.78,0.93,null,0.15
183,2021-10-04,2.66,null,8.08,null,0.0,0.73,0.27,null,9.13,null,13.27,null,null,null,null,null,1.0,9.66,2.13,0.8,25.29,14.33,5.82,1.69,null,19.14,14.76,0.86,null,0.13
184,2021-10-05,2.65,null,8.15,null,0.0,0.78,0.26,null,8.72,null,12.84,null,null,null,null,null,0.97,9.62,2.17,0.78,25.46,14.46,5.72,1.76,null,18.57,14.76,0.82,null,0.15
185,2021-10-06,2.64,null,8.22,null,0.0,0.83,0.24,null,8.31,null,12.41,null,null,null,null,null,0.93,9.57,2.22,0.76,25.64,14.58,5.63,1.82,null,18.0,14.77,0.79,null,0.17
186,2021-10-07,2.66,null,8.23,null,0.01,0.84,0.23,null,8.3,null,12.35,null,null,null,null,null,0.94,9.53,2.23,0.74,25.67,14.59,5.62,1.83,null,18.03,14.75,0.79,null,0.19
187,2021-10-08,2.67,null,8.25,null,0.01,0.85,0.21,null,8.29,null,12.29,null,null,null,null,null,0.95,9.48,2.25,0.73,25.7,14.59,5.61,1.83,null,18.06,14.73,0.79,null,0.21
188,2021-10-09,2.69,null,8.26,null,0.01,0.86,0.2,null,8.29,null,12.22,null,null,null,null,null,0.95,9.44,2.26,0.71,25.73,14.6,5.59,1.84,null,18.1,14.7,0.78,null,0.23
189,2021-10-10,2.7,null,8.28,null,0.01,0.86,0.18,null,8.28,null,12.16,null,null,null,null,null,0.96,9.39,2.28,0.69,25.76,14.6,5.58,1.84,null,18.13,14.68,0.78,null,0.25
190,2021-10-11,2.72,null,8.29,null,0.01,0.87,0.17,null,8.27,null,12.1,null,null,null,null,null,0.97,9.35,2.29,0.67,25.79,14.61,5.57,1.85,null,18.16,14.66,0.78,null,0.26
191,2021-10-12,2.66,null,8.25,null,0.01,0.88,0.16,null,8.38,null,11.56,null,null,null,null,null,0.96,9.3,2.32,0.65,25.78,15.32,5.24,1.86,null,17.37,14.36,0.84,null,0.28
192,2021-10-13,2.61,null,8.21,null,0.02,0.89,0.14,null,8.49,null,11.02,null,null,null,null,null,0.96,9.26,2.34,0.63,25.77,16.02,4.91,1.88,null,16.57,14.07,0.91,null,0.3
193,2021-10-14,2.61,null,8.2,null,0.02,0.88,0.13,null,8.5,null,10.98,null,null,null,null,null,0.95,9.22,2.35,0.61,25.76,16.03,4.89,1.88,null,16.55,14.06,0.91,null,0.32
194,2021-10-15,2.6,null,8.19,null,0.02,0.87,0.11,null,8.52,null,10.93,null,null,null,null,null,0.95,9.18,2.35,0.6,25.75,16.04,4.87,1.88,null,16.54,14.06,0.91,null,0.34
195,2021-10-16,2.6,null,8.17,null,0.02,0.86,0.1,null,8.53,null,10.89,null,null,null,null,null,0.94,9.14,2.36,0.58,25.74,16.05,4.85,1.88,null,16.52,14.05,0.91,null,0.36
196,2021-10-17,2.59,null,8.16,null,0.02,0.85,0.08,null,8.55,null,10.84,null,null,null,null,null,0.94,9.1,2.36,0.56,25.73,16.06,4.83,1.88,null,16.51,14.05,0.91,null,0.38
197,2021-10-18,2.59,null,8.15,null,0.03,0.84,0.07,null,8.56,null,10.8,null,null,null,null,null,0.93,9.06,2.37,0.54,25.72,16.07,4.81,1.88,null,16.49,14.04,0.91,null,0.4
198,2021-10-19,2.58,null,8.19,null,0.03,0.81,0.08,null,8.68,null,10.71,null,null,null,null,null,0.9,8.9,2.4,0.51,25.5,16.1,4.88,1.9,null,16.46,13.86,0.88,null,0.4
199,2021-10-20,2.57,null,8.23,null,0.03,0.79,0.08,null,8.81,null,10.62,null,null,null,null,null,0.88,8.73,2.42,0.48,25.29,16.14,4.96,1.93,null,16.44,13.68,0.85,null,0.39
200,2021-10-21,2.54,null,8.28,null,0.03,0.76,0.09,null,8.84,null,10.6,null,null,null,null,null,0.89,8.72,2.4,0.45,25.21,16.19,4.97,1.94,null,16.4,13.63,0.86,null,0.39
201,2021-10-22,2.52,null,8.33,null,0.03,0.74,0.09,null,8.88,null,10.58,null,null,null,null,null,0.9,8.71,2.38,0.41,25.13,16.25,4.99,1.94,null,16.36,13.59,0.87,null,0.39
202,2021-10-23,2.49,null,8.37,null,0.04,0.71,0.1,null,8.91,null,10.56,null,null,null,null,null,0.9,8.69,2.35,0.38,25.06,16.3,5.0,1.95,null,16.32,13.54,0.87,null,0.39
203,2021-10-24,2.47,null,8.42,null,0.04,0.69,0.1,null,8.95,null,10.54,null,null,null,null,null,0.91,8.68,2.33,0.35,24.98,16.36,5.02,1.95,null,16.28,13.5,0.88,null,0.38
204,2021-10-25,2.44,null,8.47,null,0.04,0.66,0.11,null,8.98,null,10.52,null,null,null,null,null,0.92,8.67,2.31,0.32,24.9,16.41,5.03,1.96,null,16.24,13.45,0.89,null,0.38
205,2021-10-26,2.46,null,8.46,null,0.04,0.63,0.11,null,9.02,null,10.44,null,null,null,null,null,0.92,8.66,2.3,0.32,24.84,16.38,5.09,2.0,null,16.23,13.42,0.9,null,0.33
206,2021-10-27,2.49,null,8.45,null,0.04,0.6,0.11,null,9.06,null,10.36,null,null,null,null,null,0.93,8.65,2.3,0.32,24.79,16.36,5.15,2.03,null,16.22,13.39,0.9,null,0.29
207,2021-10-28,2.39,null,8.25,null,0.04,0.61,0.1,null,9.13,null,10.29,null,null,null,null,null,0.96,8.65,2.38,0.32,24.59,16.31,5.17,2.03,null,16.41,13.37,0.88,null,0.24
208,2021-10-29,2.28,null,8.05,null,0.05,0.62,0.1,null,9.2,null,10.21,null,null,null,null,null,1.0,8.64,2.46,0.32,24.38,16.27,5.19,2.04,null,16.6,13.34,0.87,null,0.2
209,2021-10-30,2.18,null,7.85,null,0.05,0.63,0.1,null,9.27,null,10.13,null,null,null,null,null,1.03,8.63,2.54,0.32,24.18,16.22,5.21,2.04,null,16.79,13.31,0.85,null,0.15
210,2021-10-31,2.24,null,7.8,null,0.05,0.63,0.1,null,9.18,null,10.09,null,null,null,null,null,1.02,8.65,2.54,0.34,24.3,16.31,5.26,2.04,null,16.8,13.31,0.83,null,0.14
211,2021-11-01,2.3,null,7.76,null,0.05,0.63,0.1,null,9.09,null,10.06,null,null,null,null,null,1.02,8.67,2.53,0.36,24.43,16.4,5.32,2.05,null,16.82,13.31,0.81,null,0.14
212,2021-11-02,2.36,null,7.71,null,0.05,0.63,0.1,null,9.0,null,10.02,null,null,null,null,null,1.01,8.69,2.52,0.38,24.56,16.49,5.37,2.05,null,16.84,13.31,0.78,null,0.13
213,2021-11-03,2.41,null,7.66,null,0.06,0.63,0.1,null,8.92,null,9.98,null,null,null,null,null,1.0,8.71,2.52,0.4,24.68,16.58,5.42,2.06,null,16.85,13.31,0.76,null,0.12
214,2021-11-04,2.47,null,7.62,null,0.06,0.63,0.1,null,8.83,null,9.95,null,null,null,null,null,1.0,8.73,2.51,0.42,24.8,16.67,5.48,2.06,null,16.86,13.31,0.74,null,0.12
215,2021-11-05,2.53,null,7.57,null,0.06,0.63,0.1,null,8.74,null,9.91,null,null,null,null,null,0.99,8.75,2.51,0.44,24.93,16.76,5.53,2.07,null,16.88,13.31,0.72,null,0.11
216,2021-11-06,2.53,null,7.61,null,0.06,0.63,0.1,null,8.8,null,9.85,null,null,null,null,null,1.06,8.62,2.51,0.47,24.96,16.82,5.39,2.06,null,16.82,13.25,0.75,null,0.1
217,2021-11-07,2.52,null,7.65,null,0.06,0.63,0.1,null,8.87,null,9.8,null,null,null,null,null,1.13,8.49,2.51,0.49,24.98,16.89,5.26,2.05,null,16.77,13.19,0.78,null,0.1
218,2021-11-08,2.52,null,7.69,null,0.06,0.63,0.1,null,8.93,null,9.74,null,null,null,null,null,1.2,8.36,2.51,0.51,25.01,16.95,5.12,2.04,null,16.71,13.13,0.81,null,0.09
219,2021-11-09,2.54,null,7.67,null,0.07,0.62,0.1,null,8.93,null,9.8,null,null,null,null,null,1.22,8.35,2.49,0.53,25.23,16.86,5.12,2.04,null,16.73,13.13,0.81,null,0.08
220,2021-11-10,2.57,null,7.65,null,0.07,0.61,0.1,null,8.93,null,9.86,null,null,null,null,null,1.25,8.33,2.46,0.55,25.45,16.78,5.12,2.04,null,16.76,13.12,0.81,null,0.08
221,2021-11-11,2.59,null,7.63,null,0.07,0.6,0.1,null,8.93,null,9.92,null,null,null,null,null,1.27,8.32,2.44,0.57,25.67,16.69,5.12,2.04,null,16.78,13.12,0.81,null,0.07
222,2021-11-12,2.53,null,7.51,null,0.07,0.8,0.1,null,8.79,null,9.9,null,null,null,null,null,1.47,8.41,2.37,0.78,26.33,16.03,5.1,1.99,null,17.07,13.09,0.87,null,0.1
223,2021-11-13,2.5,null,7.56,null,0.07,0.77,0.1,null,8.83,null,9.88,null,null,null,null,null,1.47,8.5,2.33,0.83,26.2,16.0,5.03,1.99,null,17.05,13.09,0.88,null,0.14
224,2021-11-14,2.48,null,7.61,null,0.07,0.75,0.1,null,8.87,null,9.87,null,null,null,null,null,1.48,8.58,2.29,0.87,26.06,15.97,4.97,1.99,null,17.02,13.1,0.9,null,0.17
225,2021-11-15,2.45,null,7.66,null,0.07,0.72,0.1,null,8.91,null,9.85,null,null,null,null,null,1.48,8.67,2.25,0.92,25.93,15.94,4.9,1.99,null,17.0,13.1,0.91,null,0.2
226,2021-11-16,2.35,null,7.8,null,0.07,0.73,0.1,null,8.72,null,9.84,null,null,null,null,null,1.48,8.72,2.18,0.93,25.92,15.46,4.81,2.03,null,17.3,13.0,0.97,null,0.21
227,2021-11-17,2.24,null,7.93,null,0.07,0.74,0.1,null,8.54,null,9.84,null,null,null,null,null,1.49,8.77,2.12,0.94,25.9,14.97,4.72,2.07,null,17.6,12.9,1.03,null,0.21
228,2021-11-18,2.23,null,7.95,null,0.07,0.76,0.1,null,8.57,null,9.84,null,null,null,null,null,1.46,8.77,2.14,0.95,25.81,14.94,4.72,2.07,null,17.63,12.88,1.03,null,0.22
229,2021-11-19,2.22,null,7.97,null,0.07,0.77,0.1,null,8.6,null,9.83,null,null,null,null,null,1.44,8.77,2.15,0.96,25.72,14.91,4.73,2.08,null,17.66,12.86,1.02,null,0.22
230,2021-11-20,2.22,null,7.99,null,0.07,0.78,0.1,null,8.64,null,9.82,null,null,null,null,null,1.41,8.78,2.16,0.97,25.64,14.88,4.74,2.08,null,17.7,12.85,1.02,null,0.23
231,2021-11-21,2.21,null,8.01,null,0.07,0.79,0.1,null,8.67,null,9.82,null,null,null,null,null,1.38,8.78,2.18,0.98,25.55,14.85,4.74,2.09,null,17.73,12.83,1.02,null,0.23
232,2021-11-22,2.2,null,8.37,null,0.07,0.4,0.1,null,10.03,null,9.88,null,null,null,null,null,1.12,8.94,1.73,1.29,25.09,15.87,4.92,2.07,null,16.84,12.83,0.95,null,0.24
233,2021-11-23,2.35,null,8.36,null,0.07,0.39,0.1,null,9.93,null,9.84,null,null,null,null,null,1.16,8.94,1.7,1.2,25.4,15.54,4.88,2.07,null,17.42,12.96,0.9,null,0.29
234,2021-11-24,2.5,null,8.36,null,0.07,0.38,0.1,null,9.82,null,9.79,null,null,null,null,null,1.21,8.94,1.67,1.12,25.71,15.21,4.83,2.07,null,18.0,13.1,0.86,null,0.33
235,2021-11-25,2.83,null,7.92,null,0.07,0.57,0.1,null,9.04,null,9.8,null,null,null,null,null,1.06,9.1,1.68,1.13,25.95,14.81,5.09,2.07,null,18.84,13.15,0.72,null,0.32
236,2021-11-26,2.83,null,7.87,null,0.07,0.57,0.1,null,9.04,null,9.84,null,null,null,null,null,1.06,9.13,1.73,1.13,25.87,14.63,5.09,2.07,null,19.0,13.15,0.72,null,0.3
237,2021-11-27,2.83,null,7.82,null,0.07,0.57,0.1,null,9.04,null,9.89,null,null,null,null,null,1.06,9.16,1.78,1.14,25.78,14.46,5.09,2.07,null,19.16,13.15,0.72,null,0.29
238,2021-11-28,2.83,null,7.78,null,0.07,0.57,0.1,null,9.03,null,9.93,null,null,null,null,null,1.06,9.18,1.83,1.14,25.7,14.28,5.09,2.07,null,19.33,13.15,0.72,null,0.27
239,2021-11-29,2.83,null,7.73,null,0.07,0.57,0.1,null,9.03,null,9.97,null,null,null,null,null,1.06,9.21,1.88,1.15,25.62,14.1,5.09,2.07,null,19.49,13.15,0.72,null,0.26
240,2021-11-30,2.83,null,7.7,null,0.07,0.57,0.1,null,9.02,null,10.05,null,null,null,null,null,1.06,9.21,1.88,1.14,25.57,14.06,5.09,2.08,null,19.49,13.15,0.72,null,0.26
241,2021-12-01,2.84,null,7.67,null,0.07,0.58,0.1,null,9.01,null,10.13,null,null,null,null,null,1.05,9.21,1.89,1.13,25.53,14.02,5.09,2.08,null,19.48,13.15,0.71,null,0.26
242,2021-12-02,2.84,null,7.64,null,0.07,0.58,0.1,null,9.0,null,10.21,null,null,null,null,null,1.05,9.21,1.89,1.12,25.48,13.98,5.09,2.09,null,19.48,13.15,0.71,null,0.26
243,2021-12-03,2.85,null,7.61,null,0.07,0.59,0.1,null,9.0,null,10.28,null,null,null,null,null,1.04,9.21,1.9,1.11,25.44,13.95,5.09,2.09,null,19.48,13.15,0.7,null,0.26
244,2021-12-04,2.85,null,7.58,null,0.07,0.59,0.1,null,8.99,null,10.36,null,null,null,null,null,1.04,9.21,1.9,1.1,25.39,13.91,5.09,2.1,null,19.48,13.15,0.7,null,0.26
245,2021-12-05,2.86,null,7.55,null,0.07,0.6,0.1,null,8.98,null,10.44,null,null,null,null,null,1.03,9.21,1.91,1.09,25.35,13.87,5.09,2.1,null,19.47,13.15,0.69,null,0.26
246,2021-12-06,2.86,null,7.52,null,0.07,0.6,0.1,null,8.97,null,10.52,null,null,null,null,null,1.03,9.21,1.91,1.08,25.3,13.83,5.09,2.11,null,19.47,13.15,0.69,null,0.26
247,2021-12-07,2.8,null,7.27,null,0.07,0.66,0.1,null,8.97,null,11.51,null,null,null,null,null,1.09,9.21,1.91,1.07,24.98,13.64,5.02,2.05,null,19.16,13.15,0.75,null,0.26
248,2021-12-08,2.63,null,7.07,null,0.07,0.65,0.1,null,8.93,null,12.83,null,null,null,null,null,1.1,9.21,1.86,1.06,24.83,13.76,5.2,2.08,null,18.43,13.15,0.66,null,0.26
249,2021-12-09,2.64,null,7.05,null,0.07,0.65,0.1,null,8.88,null,13.17,null,null,null,null,null,1.15,9.21,1.88,1.05,24.82,13.8,5.27,2.09,null,18.22,13.15,0.61,null,0.27
250,2021-12-10,2.57,null,7.1,null,0.07,0.66,0.1,null,8.96,null,13.6,null,null,null,null,null,1.17,9.21,1.83,1.04,24.7,13.8,5.16,2.08,null,17.99,13.15,0.62,null,0.27
251,2021-12-11,2.5,null,7.14,null,0.07,0.66,0.1,null,9.03,null,14.02,null,null,null,null,null,1.19,9.21,1.78,1.03,24.59,13.79,5.05,2.07,null,17.76,13.15,0.62,null,0.28
252,2021-12-12,2.43,null,7.19,null,0.07,0.67,0.1,null,9.1,null,14.45,null,null,null,null,null,1.21,9.21,1.72,1.02,24.48,13.78,4.94,2.06,null,17.52,13.15,0.62,null,0.28
253,2021-12-13,2.36,null,7.24,null,0.07,0.67,0.1,null,9.18,null,14.88,null,null,null,null,null,1.23,9.21,1.67,1.01,24.36,13.78,4.83,2.05,null,17.29,13.15,0.63,null,0.28
254,2021-12-14,2.18,null,7.25,null,0.07,0.68,0.1,null,9.25,null,15.47,null,null,null,null,null,1.22,9.21,1.59,0.99,24.2,13.76,4.66,2.09,null,16.74,13.15,0.61,null,0.29
255,2021-12-15,2.0,null,7.26,null,0.07,0.68,0.1,null,9.33,null,16.06,null,null,null,null,null,1.21,9.21,1.51,0.98,24.05,13.73,4.49,2.14,null,16.18,13.15,0.59,null,0.29
256,2021-12-16,2.0,null,7.23,null,0.07,0.69,0.1,null,9.34,null,16.17,null,null,null,null,null,1.21,9.21,1.51,0.97,24.09,13.73,4.46,2.13,null,16.14,13.15,0.59,null,0.29
257,2021-12-17,2.0,null,7.2,null,0.07,0.71,0.1,null,9.36,null,16.29,null,null,null,null,null,1.21,9.21,1.51,0.96,24.13,13.73,4.43,2.11,null,16.09,13.15,0.59,null,0.3
258,2021-12-18,2.0,null,7.18,null,0.07,0.72,0.1,null,9.37,null,16.4,null,null,null,null,null,1.22,9.21,1.51,0.95,24.18,13.73,4.41,2.1,null,16.05,13.15,0.59,null,0.3
259,2021-12-19,2.0,null,7.15,null,0.07,0.74,0.1,null,9.39,null,16.52,null,null,null,null,null,1.22,9.21,1.51,0.94,24.22,13.73,4.38,2.08,null,16.0,13.15,0.59,null,0.31
260,2021-12-20,2.0,null,7.12,null,0.07,0.75,0.1,null,9.4,null,16.63,null,null,null,null,null,1.22,9.21,1.51,0.93,24.26,13.73,4.35,2.07,null,15.96,13.15,0.59,null,0.31
261,2021-12-21,1.98,null,7.1,null,0.07,0.82,0.1,null,9.37,null,16.88,null,null,null,null,null,1.25,9.21,1.48,0.9,24.26,13.75,4.27,2.05,null,15.73,13.15,0.56,null,0.29
262,2021-12-22,1.96,null,7.07,null,0.07,0.89,0.1,null,9.34,null,17.13,null,null,null,null,null,1.29,9.21,1.45,0.86,24.27,13.77,4.19,2.03,null,15.5,13.15,0.54,null,0.26
263,2021-12-23,1.96,null,7.08,null,0.07,0.86,0.1,null,9.41,null,17.12,null,null,null,null,null,1.27,9.21,1.44,0.83,24.31,13.86,4.21,2.08,null,15.49,13.15,0.53,null,0.24
264,2021-12-24,1.96,null,7.1,null,0.07,0.83,0.1,null,9.48,null,17.11,null,null,null,null,null,1.25,9.21,1.44,0.8,24.36,13.94,4.24,2.13,null,15.48,13.15,0.52,null,0.22
265,2021-12-25,1.96,null,7.11,null,0.07,0.8,0.1,null,9.55,null,17.1,null,null,null,null,null,1.23,9.21,1.43,0.77,24.4,14.03,4.26,2.18,null,15.46,13.15,0.51,null,0.19
266,2021-12-26,1.96,null,7.13,null,0.07,0.77,0.1,null,9.62,null,17.09,null,null,null,null,null,1.21,9.21,1.43,0.73,24.44,14.11,4.29,2.23,null,15.45,13.15,0.5,null,0.17
267,2021-12-27,1.95,null,7.14,null,0.07,0.73,0.1,null,9.69,null,17.08,null,null,null,null,null,1.2,9.21,1.42,0.7,24.49,14.2,4.31,2.27,null,15.44,13.15,0.49,null,0.14
268,2021-12-28,1.95,null,7.16,null,0.07,0.7,0.1,null,9.76,null,17.07,null,null,null,null,null,1.18,9.21,1.42,0.67,24.53,14.28,4.34,2.32,null,15.43,13.15,0.48,null,0.12
269,2021-12-29,1.95,null,7.17,null,0.07,0.67,0.1,null,9.83,null,17.06,null,null,null,null,null,1.16,9.21,1.41,0.64,24.57,14.37,4.36,2.37,null,15.41,13.15,0.47,null,0.1
270,2021-12-30,1.95,null,7.19,null,0.07,0.64,0.1,null,9.9,null,17.05,null,null,null,null,null,1.14,9.21,1.41,0.6,24.62,14.45,4.39,2.42,null,15.4,13.15,0.46,null,0.07
271,2021-12-31,1.95,null,7.2,null,0.07,0.61,0.1,null,9.97,null,17.04,null,null,null,null,null,1.12,9.21,1.4,0.57,24.66,14.54,4.41,2.47,null,15.39,13.15,0.45,null,0.05
272,2022-01-01,1.95,null,7.2,null,0.07,0.6,0.1,null,9.99,null,17.02,null,null,null,null,null,1.1,9.21,1.39,0.55,24.68,14.56,4.38,2.49,null,15.39,13.15,0.47,null,0.06
273,2022-01-02,1.95,null,7.2,null,0.07,0.6,0.1,null,10.0,null,17.01,null,null,null,null,null,1.09,9.21,1.39,0.54,24.7,14.57,4.36,2.5,null,15.39,13.15,0.49,null,0.07
274,2022-01-03,1.95,null,7.2,null,0.07,0.59,0.1,null,10.02,null,16.99,null,null,null,null,null,1.07,9.21,1.38,0.52,24.72,14.59,4.33,2.52,null,15.39,13.15,0.51,null,0.08
275,2022-01-04,1.93,null,7.21,null,0.07,0.6,0.1,null,9.96,null,16.89,null,null,null,null,null,1.04,9.21,1.4,0.51,24.77,14.62,4.24,2.58,null,15.34,13.15,0.51,null,0.08
276,2022-01-05,1.93,null,7.16,null,0.07,0.67,0.1,null,9.82,null,16.88,null,null,null,null,null,1.04,9.21,1.25,0.5,24.85,14.49,4.19,2.65,null,15.32,13.15,0.58,null,0.09
277,2022-01-06,1.89,null,7.17,null,0.07,0.71,0.1,null,9.88,null,16.5,null,null,null,null,null,1.0,9.21,1.22,0.48,25.24,13.65,4.06,2.5,null,16.28,13.15,0.72,null,0.1
278,2022-01-07,1.89,null,7.13,null,0.07,0.71,0.1,null,9.74,null,16.49,null,null,null,null,null,1.01,9.21,1.2,0.46,25.17,13.6,4.02,2.65,null,16.35,13.15,0.72,null,0.11
279,2022-01-08,1.89,null,7.02,null,0.07,0.71,0.1,null,9.76,null,16.45,null,null,null,null,null,1.01,9.21,1.21,0.45,25.18,13.6,3.98,2.65,null,16.36,13.15,0.71,null,0.12
280,2022-01-09,1.9,null,7.07,null,0.07,0.79,0.1,null,9.64,null,16.33,null,null,null,null,null,1.01,9.21,1.08,0.45,25.26,13.36,4.03,2.54,null,16.49,13.15,0.71,null,0.13
281,2022-01-10,1.91,null,7.13,null,0.07,0.87,0.1,null,9.53,null,16.21,null,null,null,null,null,1.01,9.21,0.95,0.44,25.33,13.11,4.07,2.42,null,16.62,13.15,0.71,null,0.14
282,2022-01-11,1.91,null,7.03,null,0.07,1.0,0.1,null,9.38,null,16.14,null,null,null,null,null,1.01,9.21,0.95,0.44,25.34,12.82,3.83,2.35,null,16.69,13.15,0.7,null,0.15
283,2022-01-12,1.96,null,6.49,null,0.07,1.23,0.1,null,9.32,null,16.19,null,null,null,null,null,0.92,9.21,0.74,0.43,25.35,12.82,3.61,2.07,null,16.87,13.15,0.63,null,0.16
284,2022-01-13,1.93,null,6.46,null,0.07,1.21,0.1,null,9.27,null,16.3,null,null,null,null,null,0.8,9.21,0.7,0.43,25.46,13.03,3.6,1.97,null,16.84,13.15,0.55,null,0.17
285,2022-01-14,1.85,null,6.52,null,0.07,1.28,0.1,null,9.15,null,16.56,null,null,null,null,null,0.72,9.21,0.73,0.42,25.27,13.04,3.56,2.02,null,16.84,13.15,0.56,null,0.18
286,2022-01-15,1.85,null,6.4,null,0.07,1.24,0.1,null,9.22,null,16.52,null,null,null,null,null,0.72,9.21,0.72,0.42,25.23,13.11,3.5,2.02,null,16.79,13.15,0.53,null,0.19
287,2022-01-16,1.79,null,6.35,null,0.07,1.18,0.1,null,9.32,null,16.55,null,null,null,null,null,0.72,9.21,0.74,0.44,25.16,13.15,3.44,2.04,null,16.81,13.15,0.49,null,0.19
288,2022-01-17,1.73,null,6.29,null,0.07,1.12,0.1,null,9.42,null,16.58,null,4.14,null,null,null,0.72,9.21,0.76,0.47,25.1,13.19,3.38,2.07,null,16.83,13.15,0.45,null,0.19
289,2022-01-18,1.66,null,6.49,null,0.07,0.99,0.1,null,9.2,null,16.39,null,4.12,null,null,null,0.9,9.21,0.92,0.49,25.06,13.04,3.48,2.3,null,16.52,13.15,0.35,null,0.19
290,2022-01-19,1.6,null,6.39,null,0.07,1.07,0.1,null,9.25,null,16.3,null,4.18,null,null,null,1.01,9.21,0.92,0.51,24.91,12.78,3.42,2.35,null,16.68,13.15,0.32,null,0.2
291,2022-01-20,1.54,null,6.15,null,0.07,1.07,0.1,null,9.4,null,16.33,null,4.33,null,null,null,1.08,9.21,0.9,0.53,24.78,12.59,3.27,2.37,null,16.82,13.15,0.3,null,0.2
292,2022-01-21,1.47,null,6.13,null,0.07,1.07,0.1,null,9.35,null,16.4,null,4.36,null,null,null,1.03,9.21,0.89,0.56,24.91,12.57,3.18,2.34,null,16.86,13.15,0.31,null,0.2
293,2022-01-22,1.51,null,6.05,null,0.07,1.15,0.1,null,9.3,null,16.39,null,4.39,null,null,null,1.04,9.21,0.87,0.58,24.79,12.5,3.17,2.35,null,16.82,13.15,0.33,null,0.2
294,2022-01-23,1.54,null,5.84,null,0.07,1.17,0.1,null,9.46,null,16.37,null,4.38,null,null,null,1.02,9.21,0.87,0.6,24.74,12.55,3.12,2.37,null,16.92,13.15,0.31,null,0.21
295,2022-01-24,1.58,null,5.64,null,0.07,1.19,0.1,null,9.62,null,16.35,null,4.38,null,null,null,1.0,9.21,0.87,0.62,24.68,12.6,3.07,2.39,null,17.01,13.15,0.28,null,0.23
296,2022-01-25,1.48,null,5.38,null,0.07,1.21,0.1,null,9.85,null,16.52,null,4.44,null,null,null,0.91,9.21,0.87,0.64,24.64,12.61,3.0,2.4,null,17.2,13.15,0.23,null,0.24
297,2022-01-26,1.61,null,5.55,null,0.07,1.11,0.1,null,9.8,null,16.46,null,4.39,null,null,null,0.87,9.21,0.87,0.65,24.66,12.77,3.01,2.56,null,17.18,13.15,0.21,null,0.26
298,2022-01-27,1.64,null,5.53,null,0.07,1.12,0.1,null,9.61,null,16.47,null,4.43,null,null,null,0.87,9.21,0.87,0.67,24.46,12.98,2.96,2.72,null,17.19,13.15,0.13,null,0.27
299,2022-01-28,1.69,null,5.53,null,0.07,1.12,0.1,null,9.62,null,16.42,null,4.38,null,null,null,0.87,9.21,0.87,0.69,24.41,12.98,3.02,2.78,null,17.19,13.15,0.13,null,0.29
300,2022-01-29,1.61,null,5.58,null,0.07,1.11,0.1,null,9.56,null,16.55,null,4.4,null,null,null,0.82,9.21,0.87,0.71,24.43,12.95,3.07,2.87,null,17.28,13.15,0.12,null,0.3
301,2022-01-30,1.62,null,5.54,null,0.07,1.11,0.1,null,9.54,null,16.52,null,4.44,null,null,null,0.8,9.21,0.87,0.72,24.34,13.01,2.99,2.89,null,17.28,13.15,0.1,null,0.3
302,2022-01-31,1.62,null,5.49,null,0.07,1.11,0.1,null,9.52,null,16.5,null,4.49,null,null,null,0.77,9.21,0.87,0.72,24.25,13.07,2.91,2.91,null,17.29,13.15,0.08,null,0.3
303,2022-02-01,1.63,null,5.41,null,0.07,1.15,0.1,null,9.53,null,16.45,null,4.42,null,null,null,0.71,9.21,0.87,0.73,24.19,13.2,2.95,3.01,null,17.3,13.15,0.08,null,0.3
304,2022-02-02,1.66,null,5.18,null,0.07,0.96,0.1,null,9.65,null,16.3,null,4.65,null,null,null,0.57,9.21,0.87,0.73,24.21,13.5,2.91,3.01,null,17.26,13.15,0.0,null,0.29
305,2022-02-03,1.72,null,5.18,null,0.07,0.96,0.1,null,9.71,null,16.25,null,4.6,null,null,null,0.57,9.21,0.87,0.74,24.15,13.5,2.91,3.01,null,17.32,13.15,0.0,null,0.29
306,2022-02-04,1.73,null,5.3,null,0.07,0.92,0.1,null,9.82,null,16.08,null,4.55,null,null,null,0.54,9.21,0.87,0.74,24.19,13.67,2.96,3.07,null,17.04,13.15,0.05,null,0.29
307,2022-02-05,1.77,null,5.14,null,0.07,0.92,0.1,null,9.75,null,16.02,null,4.46,null,null,null,0.5,9.21,0.87,0.75,24.4,13.69,2.94,3.21,null,17.05,13.15,0.05,null,0.29
308,2022-02-06,1.71,null,5.27,null,0.07,0.92,0.1,null,9.7,null,15.91,null,4.52,null,null,null,0.55,9.21,0.87,0.75,24.42,13.82,2.85,3.22,null,16.88,13.15,0.08,null,0.29
309,2022-02-07,1.65,null,5.4,null,0.07,0.93,0.1,null,9.66,null,15.8,null,4.58,null,null,null,0.61,9.21,0.87,0.75,24.44,13.95,2.76,3.22,null,16.72,13.15,0.12,null,0.29
310,2022-02-08,1.58,null,5.31,null,0.07,1.04,0.1,null,9.64,null,15.74,null,4.32,null,null,null,0.7,9.21,0.87,0.75,24.54,14.1,2.69,3.41,null,16.58,13.15,0.15,null,0.29
311,2022-02-09,1.58,null,5.26,null,0.07,1.09,0.1,null,9.59,null,15.74,null,4.32,null,null,null,0.7,9.21,0.87,0.75,24.49,14.15,2.69,3.46,null,16.58,13.15,0.15,null,0.29
312,2022-02-10,1.63,null,4.89,null,0.07,1.21,0.1,null,9.63,null,15.51,null,4.2,null,null,null,0.78,9.21,0.87,0.75,24.55,14.28,2.58,3.62,null,16.74,13.15,0.15,null,0.29
313,2022-02-11,1.63,null,4.95,null,0.07,1.21,0.1,null,9.68,null,15.51,null,3.84,null,null,null,0.83,9.21,0.87,0.75,24.57,14.35,2.49,3.7,null,16.76,13.15,0.23,null,0.29
314,2022-02-12,1.63,null,4.85,null,0.07,1.21,0.1,null,9.79,null,15.44,null,3.71,null,null,null,0.83,9.21,0.87,0.75,24.62,14.36,2.49,3.71,null,16.84,13.15,0.24,null,0.29
315,2022-02-13,1.64,null,4.76,null,0.07,1.2,0.1,null,9.89,null,15.37,null,3.58,null,null,null,0.83,9.21,0.87,0.75,24.68,14.37,2.49,3.72,null,16.92,13.15,0.24,null,0.29
316,2022-02-14,1.64,null,4.66,null,0.07,1.2,0.1,null,10.0,null,15.3,null,3.45,null,null,null,0.83,9.21,0.87,0.75,24.73,14.38,2.49,3.73,null,17.0,13.15,0.25,null,0.29
317,2022-02-15,1.67,null,4.69,null,0.07,1.19,0.1,null,10.0,null,15.37,null,3.42,null,null,null,0.77,9.21,0.87,0.75,24.65,14.47,2.6,3.78,null,17.0,13.15,0.22,null,0.29
318,2022-02-16,1.67,null,4.8,null,0.07,1.18,0.1,null,10.29,null,15.02,null,3.14,null,null,null,0.73,9.21,0.87,0.75,24.84,14.47,2.59,3.81,null,16.98,13.15,0.29,null,0.29
319,2022-02-17,1.71,null,4.94,null,0.07,1.12,0.1,null,10.53,null,14.8,null,3.15,null,null,null,0.67,9.21,0.87,0.75,24.69,14.44,2.51,3.99,null,16.71,13.15,0.39,null,0.29
320,2022-02-18,1.74,null,4.98,null,0.07,1.21,0.1,null,10.56,null,14.76,null,2.97,null,null,null,0.55,9.21,0.87,0.75,24.72,14.76,2.55,4.18,null,16.4,13.15,0.33,null,0.29
321,2022-02-19,1.76,null,5.0,null,0.07,1.23,0.1,null,10.63,null,14.71,null,2.9,null,null,null,0.54,9.21,0.87,0.75,24.69,14.82,2.52,4.2,null,16.37,13.15,0.34,null,0.29
322,2022-02-20,1.78,null,5.01,null,0.07,1.24,0.1,null,10.7,null,14.66,null,2.82,null,null,null,0.52,9.21,0.87,0.75,24.65,14.87,2.5,4.23,null,16.35,13.15,0.34,null,0.29
323,2022-02-21,1.8,null,5.03,null,0.07,1.26,0.1,null,10.77,null,14.61,null,2.75,null,null,null,0.51,9.21,0.87,0.75,24.62,14.93,2.47,4.25,null,16.32,13.15,0.35,null,0.29
324,2022-02-22,1.88,null,5.16,null,0.07,1.24,0.1,null,10.83,null,14.2,null,2.67,null,null,null,0.57,9.21,0.87,0.75,24.6,14.96,2.36,4.26,null,16.44,13.15,0.42,null,0.29
325,2022-02-23,1.89,null,5.17,null,0.07,1.18,0.1,null,11.1,null,14.18,null,2.26,null,null,null,0.53,9.21,0.87,0.75,24.74,15.28,2.36,4.21,null,16.35,13.15,0.48,null,0.29
326,2022-02-24,1.84,null,5.17,null,0.07,1.18,0.1,null,11.1,null,14.12,null,2.2,null,null,null,0.58,9.21,0.87,0.75,24.8,15.23,2.36,4.21,null,16.46,13.15,0.47,null,0.29
327,2022-02-25,1.84,null,5.07,null,0.07,1.23,0.1,null,11.25,null,13.84,null,2.26,null,null,null,0.68,9.21,0.87,0.75,24.79,15.08,2.29,4.3,null,16.52,13.15,0.57,null,0.29
328,2022-02-26,1.9,null,5.28,null,0.07,1.3,0.1,null,11.2,null,13.72,null,2.24,null,null,null,0.73,9.21,0.87,0.75,24.96,14.96,2.33,4.29,null,16.45,13.15,0.6,null,0.29
329,2022-02-27,1.97,null,5.49,null,0.07,1.38,0.1,null,11.16,null,13.6,null,2.22,null,null,null,0.78,9.21,0.87,0.75,25.12,14.85,2.36,4.28,null,16.39,13.15,0.63,null,0.29
330,2022-02-28,1.9,null,5.54,null,0.07,1.41,0.1,null,11.29,null,13.43,null,2.06,null,null,null,0.8,9.21,0.87,0.75,25.5,14.62,2.21,4.15,null,16.64,13.15,0.63,null,0.29
331,2022-03-01,1.9,null,5.47,null,0.07,1.47,0.1,null,11.26,null,13.43,null,2.06,null,null,null,0.84,9.21,0.87,0.75,25.57,14.37,2.22,4.11,null,16.86,13.15,0.66,null,0.29
332,2022-03-02,1.91,null,5.54,null,0.07,1.48,0.1,null,11.15,null,13.33,null,1.78,null,null,null,0.83,9.21,0.87,0.75,26.66,13.43,2.31,3.87,null,17.21,13.15,0.67,null,0.29
333,2022-03-03,1.86,null,5.2,null,0.07,1.45,0.1,null,11.11,null,13.39,null,1.65,null,null,null,0.78,9.21,0.87,0.75,27.49,12.9,2.41,3.86,null,17.21,13.15,0.68,null,0.29
334,2022-03-04,1.84,null,5.21,null,0.07,1.43,0.1,null,11.07,null,13.65,null,1.54,null,null,null,0.82,9.21,0.87,0.75,27.64,12.5,2.47,3.94,null,17.28,13.15,0.66,null,0.29
335,2022-03-05,1.81,null,5.24,null,0.07,1.48,0.1,null,11.1,null,13.58,null,1.54,null,null,null,0.82,9.21,0.87,0.75,27.86,12.48,2.5,3.94,null,17.18,13.15,0.62,null,0.29
336,2022-03-06,1.78,null,5.28,null,0.07,1.52,0.1,null,11.12,null,13.5,null,1.54,null,null,null,0.81,9.21,0.87,0.75,28.08,12.45,2.53,3.93,null,17.08,13.15,0.59,null,0.29
337,2022-03-07,1.73,null,5.34,null,0.07,1.57,0.1,null,11.07,null,13.39,null,1.54,null,null,null,0.86,9.21,0.87,0.75,28.3,12.46,2.59,3.99,null,16.96,13.15,0.54,null,0.29
338,2022-03-08,1.66,null,5.38,null,0.07,1.81,0.1,null,11.32,null,12.54,null,1.54,null,null,null,0.92,9.21,0.87,0.75,29.78,12.08,2.44,4.08,null,17.15,13.15,0.49,null,0.29
339,2022-03-09,1.65,null,5.43,null,0.07,1.85,0.1,null,11.29,null,12.38,null,1.54,null,null,null,0.96,9.21,0.87,0.75,29.96,12.03,2.42,4.08,null,17.21,13.15,0.52,null,0.29
340,2022-03-10,1.6,null,5.3,null,0.07,1.9,0.1,null,11.28,null,12.12,null,1.54,null,null,null,0.96,9.21,0.87,0.75,30.49,11.95,2.36,3.9,null,17.61,13.15,0.52,null,0.29
341,2022-03-11,1.67,null,5.56,null,0.07,1.95,0.1,null,11.27,null,11.93,null,1.54,null,null,null,0.91,9.21,0.87,0.75,30.65,11.92,2.19,3.8,null,17.59,13.15,0.56,null,0.29
342,2022-03-12,1.59,null,5.69,null,0.07,1.86,0.1,null,11.2,null,11.95,null,1.54,null,null,null,0.96,9.21,0.87,0.75,30.42,12.14,2.27,3.75,null,17.64,13.15,0.52,null,0.29
343,2022-03-13,1.62,null,5.73,null,0.07,1.96,0.1,null,11.17,null,11.85,null,1.54,null,null,null,1.0,9.21,0.87,0.75,30.39,12.05,2.33,3.74,null,17.58,13.15,0.59,null,0.29
344,2022-03-14,1.64,null,5.9,null,0.07,2.01,0.1,null,11.26,null,11.6,null,1.54,null,null,null,1.05,9.21,0.87,0.75,30.37,12.15,2.36,3.64,null,17.46,13.15,0.56,null,0.29
345,2022-03-15,1.74,null,5.95,null,0.07,2.13,0.1,null,11.63,null,10.88,null,1.54,null,null,null,1.2,9.21,0.87,0.75,30.1,12.25,2.44,3.86,null,17.3,13.15,0.53,null,0.29
346,2022-03-16,1.81,null,5.95,null,0.07,2.18,0.1,null,11.73,null,10.8,null,1.54,null,null,null,1.24,9.21,0.87,0.75,29.97,12.22,2.5,3.81,null,17.27,13.15,0.51,null,0.29
347,2022-03-17,1.86,null,5.89,null,0.07,2.24,0.1,null,12.09,null,10.8,null,1.54,null,null,null,1.09,9.21,0.87,0.75,29.88,12.07,2.35,3.93,null,17.33,13.15,0.46,null,0.29
348,2022-03-18,1.85,null,5.65,null,0.07,2.48,0.1,null,12.29,null,10.97,null,1.54,null,null,null,0.97,9.21,0.87,0.75,30.0,11.97,2.35,3.95,null,17.1,13.15,0.41,null,0.29
349,2022-03-19,1.85,null,5.66,null,0.07,2.55,0.1,null,12.42,null,10.88,null,1.54,null,null,null,0.97,9.21,0.87,0.75,30.04,11.94,2.37,3.91,null,17.01,13.15,0.39,null,0.29
350,2022-03-20,1.8,null,5.62,null,0.07,2.65,0.1,null,12.46,null,11.05,null,1.54,null,null,null,1.03,9.21,0.87,0.75,30.01,11.76,2.34,3.94,null,16.91,13.15,0.43,null,0.29
351,2022-03-21,1.91,null,5.46,null,0.07,2.7,0.1,null,13.14,null,10.94,null,1.54,null,null,null,1.06,9.21,0.87,0.75,29.52,11.25,2.45,3.74,null,17.38,13.15,0.44,null,0.29
352,2022-03-22,1.91,null,5.46,null,0.07,2.66,0.1,null,13.24,null,10.93,null,1.54,null,null,null,1.1,9.21,0.87,0.75,29.48,11.2,2.4,3.7,null,17.43,13.15,0.49,null,0.29
353,2022-03-23,1.69,null,5.77,null,0.07,2.38,0.1,null,13.64,null,10.67,null,1.54,null,null,null,1.12,9.21,0.87,0.75,28.78,10.78,2.22,3.52,null,18.71,13.15,0.72,null,0.29
354,2022-03-24,1.66,null,5.97,null,0.07,2.36,0.1,null,13.68,null,10.6,null,1.54,null,null,null,0.99,9.21,0.87,0.75,28.44,10.84,2.04,3.6,null,18.94,13.15,0.88,null,0.29
355,2022-03-25,1.7,null,5.94,null,0.07,2.39,0.1,null,13.64,null,10.56,null,1.54,null,null,null,0.9,9.21,0.87,0.75,28.41,10.79,2.08,3.63,null,19.11,13.15,0.85,null,0.29
356,2022-03-26,1.78,null,5.86,null,0.07,2.39,0.1,null,13.76,null,10.6,null,1.54,null,null,null,0.9,9.21,0.87,0.75,28.33,10.79,2.08,3.59,null,19.11,13.15,0.81,null,0.29
357,2022-03-27,1.8,null,5.84,null,0.07,2.4,0.1,null,13.74,null,10.62,null,1.54,null,null,null,0.88,9.21,0.87,0.75,28.34,10.76,2.08,3.6,null,19.13,13.15,0.82,null,0.29
358,2022-03-28,1.81,null,5.81,null,0.07,2.41,0.1,null,13.71,null,10.63,null,1.54,null,null,null,0.86,9.21,0.87,0.75,28.34,10.74,2.08,3.6,null,19.16,13.15,0.84,null,0.29
